t,x,y,z,vx,vy,vz,mass,ux,uy,uz,sigma
0,0,0,50,0,0,0.9999999999999999,79.99999999989673,0,0,-194.18999999999997,829.9338542601423
1,0,0,50.5,0,0,-101,63.24552731225282,0,0,211.81,829.9309360617544
2,0,0,0.00000000000000000007325466224592602,0,0,-0.000000000000000000012765664247891059,50.000000377394535,0,0,0,0
